zcta5,county_fips
,37015
,37019
,37029
,37031
,37041
,37053
,37055
,37095
,37129
,37133
,37137
,37139
,37141
,37143
,37177
,37187
27006,37059
27007,37171
27009,37067
27009,37169
27011,37197
27012,37057
27012,37067
27013,37097
27013,37159
27014,37059
27016,37169
27017,37171
27018,37197
27019,37067
27019,37169
27020,37097
27020,37193
27020,37197
27021,37067
27021,37169
27022,37169
27023,37067
27024,37171
27025,37157
27025,37169
27027,37157
27028,37059
27028,37097
27030,37169
27030,37171
27040,37067
27041,37169
27041,37171
27042,37169
27043,37067
27043,37169
27043,37171
27045,37067
27045,37169
27046,37169
27047,37171
27048,37157
27050,37067
27050,37169
27051,37067
27052,37067
27052,37169
27053,37169
27053,37171
27054,37159
27055,37059
27055,37097
27055,37197
27101,37067
27103,37067
27104,37067
27105,37067
27106,37067
27107,37057
27107,37067
27109,37067
27110,37067
27127,37057
27127,37067
27201,37001
27202,37001
27203,37151
27205,37151
27207,37037
27208,37037
27208,37125
27208,37151
27209,37123
27209,37125
27212,37033
27213,37037
27214,37081
27214,37157
27215,37001
27215,37081
27217,37001
27217,37033
27229,37123
27229,37153
27231,37033
27231,37135
27231,37145
27233,37081
27233,37151
27235,37081
27239,37057
27239,37151
27242,37125
27243,37135
27244,37001
27244,37033
27244,37081
27247,37123
27248,37151
27249,37001
27249,37033
27249,37081
27249,37157
27252,37037
27253,37001
27256,37037
27258,37001
27259,37125
27260,37081
27260,37151
27262,37057
27262,37081
27262,37151
27263,37081
27263,37151
27265,37057
27265,37067
27265,37081
27268,37081
27278,37063
27278,37135
27281,37123
27281,37125
27281,37153
27282,37081
27283,37081
27283,37151
27284,37057
27284,37067
27284,37081
27288,37157
27291,37033
27291,37145
27292,37057
27292,37151
27295,37057
27298,37001
27298,37037
27298,37081
27298,37151
27299,37057
27301,37081
27302,37001
27302,37033
27302,37135
27305,37033
27305,37145
27306,37123
27306,37153
27310,37081
27311,37033
27311,37157
27312,37001
27312,37037
27313,37081
27313,37151
27314,37033
27315,37033
27316,37151
27317,37081
27317,37151
27320,37033
27320,37081
27320,37157
27325,37125
27325,37151
27326,37033
27326,37157
27330,37037
27330,37085
27330,37105
27330,37125
27332,37085
27332,37105
27340,37001
27341,37123
27341,37125
27341,37151
27342,37081
27343,37033
27343,37145
27344,37037
27344,37151
27349,37001
27349,37037
27350,37151
27351,37057
27355,37037
27355,37151
27356,37123
27356,37125
27357,37081
27357,37157
27357,37169
27358,37081
27358,37157
27360,37057
27360,37151
27370,37151
27371,37123
27371,37151
27374,37057
27376,37125
27377,37081
27379,37033
27401,37081
27403,37081
27405,37081
27406,37081
27407,37081
27408,37081
27409,37081
27410,37081
27411,37081
27412,37081
27455,37081
27501,37085
27501,37101
27501,37183
27502,37037
27502,37183
27503,37063
27504,37085
27504,37101
27505,37085
27505,37105
27506,37085
27507,37077
27507,37181
27508,37069
27509,37077
27510,37135
27511,37183
27513,37183
27514,37135
27516,37037
27516,37135
27517,37037
27517,37063
27517,37135
27518,37183
27519,37037
27519,37183
27520,37101
27520,37183
27521,37085
27522,37077
27522,37183
27523,37037
27523,37183
27524,37101
27524,37191
27525,37069
27525,37077
27526,37085
27526,37183
27527,37101
27529,37101
27529,37183
27530,37191
27531,37191
27533,37191
27534,37079
27534,37191
27536,37181
27537,37069
27537,37181
27537,37185
27539,37183
27540,37037
27540,37085
27540,37183
27541,37033
27541,37135
27541,37145
27542,37101
27542,37191
27542,37195
27544,37069
27544,37077
27544,37181
27545,37183
27546,37085
27549,37069
27551,37185
27553,37181
27553,37185
27555,37101
27556,37181
27557,37069
27557,37101
27557,37127
27557,37195
27559,37037
27560,37063
27560,37183
27562,37037
27562,37183
27563,37181
27563,37185
27565,37077
27565,37145
27565,37181
27568,37101
27569,37101
27569,37191
27570,37185
27571,37183
27572,37063
27572,37077
27572,37135
27572,37145
27573,37145
27574,37077
27574,37145
27576,37101
27577,37101
27581,37077
27582,37077
27583,37063
27583,37135
27583,37145
27584,37181
27587,37069
27587,37077
27587,37183
27589,37069
27589,37185
27591,37101
27591,37183
27592,37085
27592,37101
27592,37183
27593,37101
27594,37185
27596,37069
27596,37077
27596,37183
27597,37069
27597,37101
27597,37127
27597,37183
27599,37135
27601,37183
27603,37101
27603,37183
27604,37183
27605,37183
27606,37183
27607,37183
27608,37183
27609,37183
27610,37101
27610,37183
27612,37183
27613,37063
27613,37183
27614,37183
27615,37183
27616,37183
27617,37063
27617,37183
27695,37183
27697,37183
27701,37063
27703,37063
27703,37183
27704,37063
27705,37063
27705,37135
27707,37063
27707,37135
27708,37063
27709,37063
27712,37063
27712,37135
27713,37037
27713,37063
27713,37183
27801,37065
27803,37065
27803,37127
27803,37195
27804,37127
27805,37015
27805,37091
27806,37013
27807,37127
27807,37195
27808,37013
27809,37065
27809,37127
27810,37013
27810,37095
27812,37065
27812,37117
27812,37147
27813,37195
27814,37013
27815,37065
27816,37069
27816,37127
27817,37013
27818,37091
27819,37065
27820,37131
27821,37013
27822,37065
27822,37127
27822,37195
27823,37083
27824,37095
27825,37117
27826,37095
27826,37177
27827,37147
27828,37079
27828,37147
27829,37065
27829,37147
27829,37195
27830,37191
27830,37195
27831,37131
27832,37131
27834,37013
27834,37065
27834,37147
27837,37013
27837,37147
27839,37083
27840,37117
27841,37117
27842,37131
27842,37185
27843,37065
27843,37083
27843,37117
27844,37069
27844,37083
27844,37127
27844,37185
27845,37131
27846,37117
27847,37015
27849,37015
27850,37083
27850,37185
27851,37191
27851,37195
27852,37065
27852,37147
27852,37195
27853,37131
27855,37091
27855,37131
27856,37127
27857,37117
27858,37147
27860,37013
27860,37095
27860,37187
27861,37117
27862,37131
27863,37079
27863,37101
27863,37191
27864,37065
27865,37013
27866,37131
27869,37015
27869,37131
27870,37083
27871,37013
27871,37117
27871,37147
27872,37015
27873,37195
27874,37083
27875,37095
27876,37131
27877,37131
27878,37065
27878,37127
27878,37195
27879,37147
27880,37127
27880,37195
27881,37065
27882,37069
27882,37127
27883,37079
27883,37191
27883,37195
27884,37147
27885,37095
27886,37065
27886,37147
27888,37079
27888,37147
27888,37195
27889,37013
27889,37117
27889,37147
27890,37083
27891,37065
27891,37083
27891,37127
27892,37013
27892,37117
27893,37195
27896,37127
27896,37195
27897,37091
27897,37131
27909,37029
27909,37139
27910,37015
27910,37091
27915,37055
27916,37053
27917,37053
27919,37041
27919,37143
27920,37055
27921,37029
27922,37091
27923,37053
27924,37015
27924,37091
27925,37177
27926,37073
27927,37053
27928,37177
27928,37187
27929,37053
27932,37041
27932,37143
27935,37073
27936,37055
27937,37073
27938,37073
27939,37053
27941,37053
27942,37091
27943,37055
27944,37143
27946,37041
27946,37073
27946,37143
27947,37053
27948,37055
27949,37055
27950,37053
27953,37055
27954,37055
27956,37053
27957,37015
27958,37053
27959,37055
27960,37095
27962,37013
27962,37187
27964,37053
27965,37053
27966,37053
27967,37015
27968,37055
27969,37073
27970,37187
27972,37055
27973,37029
27973,37053
27974,37029
27976,37029
27978,37055
27979,37073
27980,37041
27980,37143
27981,37055
27982,37055
27983,37015
27985,37143
27986,37091
28001,37167
28006,37071
28006,37109
28007,37007
28009,37167
28012,37071
28016,37071
28017,37045
28018,37161
28019,37161
28020,37045
28020,37161
28021,37045
28021,37071
28021,37109
28023,37159
28024,37161
28025,37025
28027,37025
28027,37119
28031,37119
28032,37071
28033,37071
28033,37109
28034,37071
28036,37025
28036,37097
28036,37119
28036,37159
28037,37035
28037,37109
28039,37159
28040,37045
28040,37161
28041,37159
28042,37045
28043,37161
28052,37071
28054,37071
28056,37071
28071,37025
28071,37159
28071,37167
28072,37159
28073,37045
28074,37161
28075,37025
28076,37161
28077,37071
28078,37025
28078,37119
28079,37179
28080,37071
28080,37109
28081,37025
28081,37159
28083,37025
28083,37159
28086,37045
28086,37071
28088,37159
28089,37045
28090,37023
28090,37035
28090,37045
28090,37109
28091,37007
28092,37035
28092,37071
28092,37109
28097,37025
28097,37167
28098,37071
28101,37071
28102,37007
28103,37007
28103,37179
28104,37119
28104,37179
28105,37119
28105,37179
28107,37025
28107,37119
28107,37167
28107,37179
28108,37179
28109,37167
28110,37179
28112,37179
28114,37045
28114,37161
28115,37097
28115,37159
28117,37097
28119,37007
28120,37071
28124,37025
28124,37167
28125,37097
28125,37159
28127,37057
28127,37123
28127,37151
28127,37159
28127,37167
28128,37167
28129,37167
28133,37007
28133,37179
28134,37119
28135,37007
28136,37045
28137,37159
28137,37167
28138,37025
28138,37159
28139,37149
28139,37161
28144,37159
28146,37159
28147,37159
28150,37045
28150,37161
28152,37045
28159,37159
28160,37161
28163,37167
28164,37071
28164,37109
28166,37097
28167,37111
28167,37161
28168,37023
28168,37035
28168,37045
28168,37109
28169,37045
28170,37007
28173,37179
28174,37179
28202,37119
28203,37119
28204,37119
28205,37119
28206,37119
28207,37119
28208,37119
28209,37119
28210,37119
28211,37119
28212,37119
28213,37025
28213,37119
28214,37119
28215,37025
28215,37119
28216,37119
28217,37119
28223,37119
28226,37119
28227,37119
28227,37179
28244,37119
28262,37025
28262,37119
28269,37025
28269,37119
28270,37119
28273,37119
28274,37119
28277,37119
28278,37119
28280,37119
28282,37119
28301,37051
28303,37051
28304,37051
28304,37093
28305,37051
28306,37017
28306,37051
28306,37093
28307,37051
28308,37051
28310,37051
28311,37051
28312,37017
28312,37051
28314,37051
28315,37093
28315,37125
28318,37051
28318,37163
28320,37017
28320,37047
28323,37085
28325,37061
28326,37085
28326,37105
28326,37125
28327,37125
28328,37163
28330,37153
28331,37051
28332,37017
28333,37191
28334,37051
28334,37085
28334,37101
28334,37163
28337,37017
28338,37153
28339,37085
28340,37155
28341,37061
28341,37163
28342,37051
28343,37165
28344,37051
28344,37163
28345,37153
28345,37165
28347,37125
28347,37153
28348,37051
28349,37061
28350,37125
28351,37153
28351,37165
28352,37165
28355,37105
28356,37051
28356,37085
28357,37093
28357,37155
28358,37155
28359,37155
28360,37155
28362,37155
28363,37153
28363,37165
28364,37093
28364,37155
28364,37165
28365,37061
28365,37163
28365,37191
28366,37101
28366,37163
28367,37153
28368,37085
28369,37155
28371,37051
28371,37093
28371,37155
28372,37155
28373,37125
28374,37125
28375,37155
28376,37093
28377,37093
28377,37155
28378,37155
28379,37153
28382,37017
28382,37051
28382,37163
28383,37155
28384,37017
28384,37051
28384,37155
28385,37163
28386,37093
28386,37155
28387,37125
28390,37051
28390,37085
28391,37051
28391,37163
28392,37017
28393,37061
28393,37163
28394,37125
28395,37051
28396,37165
28398,37061
28399,37017
28399,37051
28401,37129
28401,37141
28403,37129
28405,37129
28409,37129
28411,37129
28411,37141
28412,37129
28420,37019
28421,37141
28422,37019
28423,37017
28423,37047
28424,37047
28425,37141
28428,37129
28429,37129
28430,37047
28431,37047
28432,37047
28433,37017
28433,37047
28434,37017
28435,37141
28436,37019
28436,37047
28438,37017
28438,37047
28439,37047
28441,37017
28441,37163
28442,37047
28443,37141
28444,37017
28444,37061
28444,37163
28445,37133
28445,37141
28447,37017
28447,37141
28447,37163
28448,37017
28448,37141
28449,37129
28450,37047
28451,37019
28452,37019
28453,37061
28453,37163
28454,37133
28454,37141
28455,37047
28456,37017
28456,37019
28456,37047
28457,37141
28458,37061
28458,37163
28460,37133
28461,37019
28462,37019
28463,37047
28464,37061
28465,37019
28466,37061
28466,37141
28467,37019
28468,37019
28469,37019
28470,37019
28472,37047
28478,37061
28478,37141
28478,37163
28479,37019
28480,37129
28501,37103
28501,37107
28504,37103
28504,37107
28508,37061
28509,37137
28510,37137
28511,37031
28512,37031
28513,37079
28513,37147
28515,37137
28516,37031
28518,37061
28518,37133
28519,37049
28520,37031
28521,37061
28521,37133
28523,37049
28524,37031
28525,37061
28525,37107
28526,37049
28526,37103
28526,37107
28527,37049
28528,37031
28529,37137
28530,37049
28530,37079
28530,37107
28530,37147
28531,37031
28532,37049
28533,37049
28537,37137
28538,37079
28538,37107
28539,37133
28540,37133
28542,37133
28543,37133
28544,37133
28546,37133
28547,37133
28551,37079
28551,37107
28551,37191
28552,37137
28553,37031
28554,37079
28555,37031
28555,37103
28555,37133
28556,37137
28557,37031
28560,37049
28560,37137
28562,37049
28562,37103
28570,37031
28571,37137
28572,37061
28572,37103
28572,37107
28572,37133
28573,37049
28573,37103
28574,37061
28574,37103
28574,37133
28575,37031
28577,37031
28578,37061
28578,37107
28578,37191
28579,37031
28580,37079
28580,37107
28581,37031
28582,37031
28582,37133
28584,37031
28584,37133
28585,37103
28586,37013
28586,37049
28586,37147
28587,37137
28589,37031
28590,37147
28594,37031
28601,37003
28601,37023
28601,37027
28601,37035
28602,37023
28602,37035
28604,37011
28604,37189
28605,37011
28605,37027
28605,37189
28606,37027
28606,37193
28607,37189
28609,37035
28610,37035
28611,37011
28611,37027
28612,37023
28612,37035
28613,37035
28615,37009
28616,37011
28617,37009
28618,37189
28618,37193
28619,37023
28621,37171
28621,37193
28622,37011
28622,37189
28623,37005
28623,37171
28624,37027
28624,37193
28625,37003
28625,37059
28625,37097
28626,37009
28627,37005
28628,37023
28629,37009
28630,37003
28630,37027
28631,37005
28631,37009
28634,37059
28634,37097
28634,37197
28635,37193
28636,37003
28636,37097
28637,37023
28638,37027
28640,37009
28640,37193
28641,37023
28642,37193
28642,37197
28643,37009
28644,37005
28644,37009
28644,37193
28645,37023
28645,37027
28645,37189
28645,37193
28646,37011
28649,37193
28650,37035
28650,37109
28651,37193
28652,37011
28653,37011
28654,37003
28654,37193
28655,37023
28655,37027
28655,37111
28657,37011
28657,37023
28657,37111
28658,37035
28659,37193
28660,37097
28662,37011
28663,37005
28664,37011
28665,37193
28666,37023
28667,37023
28667,37027
28668,37005
28669,37193
28670,37193
28671,37023
28672,37009
28673,37035
28673,37109
28675,37005
28675,37193
28676,37171
28676,37193
28677,37097
28678,37003
28678,37097
28679,37011
28679,37189
28681,37003
28682,37035
28683,37171
28683,37193
28684,37009
28684,37189
28685,37193
28689,37003
28689,37097
28689,37193
28689,37197
28690,37023
28692,37189
28693,37009
28694,37009
28697,37193
28698,37009
28698,37189
28701,37021
28701,37115
28702,37075
28702,37173
28704,37021
28704,37089
28705,37121
28705,37199
28707,37099
28708,37175
28709,37021
28710,37089
28711,37021
28711,37089
28711,37111
28711,37161
28712,37175
28713,37113
28713,37173
28714,37199
28715,37021
28716,37087
28717,37099
28718,37175
28719,37099
28719,37173
28720,37161
28721,37087
28722,37149
28723,37099
28725,37099
28726,37089
28729,37089
28730,37021
28731,37089
28731,37149
28732,37021
28732,37089
28733,37075
28734,37043
28734,37113
28735,37089
28736,37099
28739,37089
28739,37175
28740,37121
28740,37199
28741,37099
28741,37113
28742,37089
28742,37175
28743,37087
28743,37115
28745,37087
28746,37161
28747,37175
28748,37021
28748,37115
28749,37111
28749,37121
28751,37087
28751,37099
28752,37111
28752,37161
28753,37021
28753,37115
28754,37115
28754,37199
28755,37199
28756,37149
28756,37161
28757,37021
28758,37089
28759,37021
28759,37089
28761,37023
28761,37111
28762,37111
28763,37113
28766,37089
28766,37175
28768,37175
28770,37021
28771,37075
28771,37173
28772,37175
28773,37089
28773,37149
28774,37099
28774,37175
28775,37113
28777,37011
28777,37111
28777,37121
28777,37199
28778,37021
28779,37099
28781,37113
28782,37149
28783,37099
28785,37087
28786,37087
28787,37021
28787,37115
28788,37099
28789,37099
28789,37173
28790,37089
28791,37089
28792,37021
28792,37089
28792,37149
28801,37021
28803,37021
28804,37021
28805,37021
28806,37021
28901,37039
28902,37039
28902,37043
28904,37043
28905,37039
28906,37039
28906,37043
28909,37043
